図式区分,大分類,コード,名称,データタイプ,アイコン対象,対象の根拠,取得方法,PDFページ
標準図式,境界等,1101,都府県界,E2,,,境界の位置と一致する。,45
標準図式,境界等,1102,北海道の支庁界,E2,,,境界の位置と一致する。,45
標準図式,境界等,1103,郡市・東京都の区界,E2,,,境界の位置と一致する。,45
標準図式,境界等,1104,町村・指定都市の区界,E2,,,境界の位置と一致する。,45
標準図式,境界等,1106,大字・町・丁目界,E2,,,境界の位置と一致する。,45
標準図式,境界等,1107,小字界,E2,,,境界の位置と一致する。,45
標準図式,境界等,1110,所属界,E2,,,境界の位置と一致する。,45
標準図式,交通施設,2101,道路縁（街区線）,E2,,,道路縁線を取得,46
標準図式,交通施設,2102,軽車道,E2,,,中心線を取得,46
標準図式,交通施設,2103,徒歩道,E2,,,中心線を取得,46
標準図式,交通施設,2106,庭園路等,E2,,,道路縁線を取得,46
標準図式,交通施設,2107,トンネル内の道路,E2,,,道路縁線を取得（終端は、原則として閉じない）,46
標準図式,交通施設,2109,建設中の道路,E2,,,道路縁線を取得（終端は、原則として閉じない）,47
標準図式,交通施設,2203,道路橋（高架部）,E1/E2,,,縁線を取得高欄外周を取得（始終点座標一致）橋脚親柱縁線を取得ひ開部は自動発生して表示,47
標準図式,交通施設,2204,木橋,E2,,,縁線を取得ひ開部は自動発生して表示,48
標準図式,交通施設,2205,徒橋,E2,,,中心線を取得ひ開部は自動発生して表示,48
標準図式,交通施設,2206,桟道橋,E2,,,縁線を取得橋脚外周を取得,48
標準図式,交通施設,2211,横断歩道橋,E1,,,外周を取得（始終点座標一致）,48
標準図式,交通施設,2212,地下横断歩道,E1,,,外周を取得（始終点座標一致）,48
標準図式,交通施設,2213,歩道,E2,,,車道との界線を取得,49
標準図式,交通施設,2214,石段,E2,,,縁線を取得（階段部は取得しないで石段の上端・下端は閉じない）石段（上端部）石段（下端部）階段線縁線を取得（階段部は取得しないで石段の上端・下端は閉じない）石段（上端部）石段（下端部）階段線,49
標準図式,交通施設,2215,地下街・地下鉄等出入口,E1/E2,,,外周を取得（始終点座標一致）階段線（入口から3段取得）外周を取得（始終点座標一致）階段線（入口から3段取得）,50
標準図式,交通施設,2219,道路のトンネル,E1/E2/E6,○,図式,真形坑口部分の外周を取得（始終点座標一致）真形坑口部分の外周を取得極小中央位置の点と方向を取得真形坑口部分の外周を取得（始終点座標一致）真形坑口部分の外周を取得極小中央位置の点と方向を取得,50
標準図式,交通施設,2221,バス停,E5,○,図式,位置の点情報を取得,51
標準図式,交通施設,2222,安全地帯,E1,,,外周を取得（始終点座標一致）,51
標準図式,交通施設,2226,分離帯,E1/E2,,,外周を取得（始終点座標一致）外周を取得（始終点座標一致）中心線を取得,51
標準図式,交通施設,2227,駒止,E2,,,道路側の縁部を取得,51
標準図式,交通施設,2228,道路の雪覆い等,E1,,,外周を取得（始終点座標一致）外周を取得（始終点座標一致）,51
標準図式,交通施設,2231,側溝U字溝無蓋,E2,,,縁線を取得,51
標準図式,交通施設,2232,側溝U字溝有蓋,E2,,,縁線を取得,51
標準図式,交通施設,2233,側溝L字溝,E2,,,縁線を取得,51
標準図式,交通施設,2234,側溝地下部,E2,,,地下経路縁線を取得,52
標準図式,交通施設,2235,雨水桝,E1,○,実データ,外周を取得（始終点座標一致）,52
標準図式,交通施設,2236,並木桝,E1,,,外周を取得（始終点座標一致）,52
標準図式,交通施設,2237,側溝管渠型,E2,,,縁線を取得,51
標準図式,交通施設,2238,並木,E5,○,図式,並木の位置の点情報を取得,52
標準図式,交通施設,2239,植樹,E5,○,図式,並木の位置の点情報を取得,52
標準図式,交通施設,2241,道路情報板,E6,○,図式,脚の位置の点情報と標識の向きを取得,53
標準図式,交通施設,2242,道路標識案内,E6,○,図式,脚の位置の点情報と標識の向きを取得,53
標準図式,交通施設,2243,道路標識警戒,E6,○,図式,脚の位置の点情報と標識の向きを取得,53
標準図式,交通施設,2244,道路標識規制,E6,○,図式,脚の位置の点情報と標識の向きを取得,53
標準図式,交通施設,2246,信号灯,E6,○,図式,ポールの位置と信号機の向きを取得,53
標準図式,交通施設,2247,信号灯専用ポールのないもの,E6,○,図式,信号機の位置と向きを取得,53
標準図式,交通施設,2251,交通量観測所,E5,○,図式,位置の点情報を取得,53
標準図式,交通施設,2252,スノーポール,E5,○,図式,位置の点情報を取得,53
標準図式,交通施設,2253,カーブミラー,E5,○,図式,位置の点情報を取得,53
標準図式,交通施設,2255,距離標（km）,E5/E7/E8,○,図式,位置の点情報を取得属性区分を21とし、起点からの距離程数値を整数形式(I7)で、m単位に属性レコードに格納する。,54
標準図式,交通施設,2256,距離標（m）,E5/E7/E8,○,図式,位置の点情報を取得属性区分を22とし、起点からの距離程数値を整数形式(I7)で、m単位に属性レコードに格納する。,54
標準図式,交通施設,2261,電話ボックス,E1/E5,○,図式,外周を取得（始終点座標一致）位置の点情報を取得,54
標準図式,交通施設,2262,郵便ポスト,E5,○,図式,位置の点情報を取得,54
標準図式,交通施設,2263,火災報知器,E5,○,図式,位置の点情報を取得,54
標準図式,交通施設,2301,普通鉄道,E2,,,レールを取得する中心線を取得,55
標準図式,交通施設,2302,地下鉄地上部,E2,,,レールを取得する,55
標準図式,交通施設,2303,路面鉄道,E2,,,レールを取得する中心線を取得,55
標準図式,交通施設,2304,モノレール,E2,,,中心線を取得,55
標準図式,交通施設,2305,特殊鉄道,E2,,,レールを取得する中心線を取得,55
標準図式,交通施設,2306,索道,E2,,,中心線を取得,56
標準図式,交通施設,2309,建設中の鉄道,E2,,,外周を取得,56
標準図式,交通施設,2311,トンネル内の鉄道普通鉄道,E2,,,レールを取得する,56
標準図式,交通施設,2312,地下鉄地下部,E2,,,レールを取得する,56
標準図式,交通施設,2313,トンネル内の鉄道路面鉄道,E2,,,レールを取得する,56
標準図式,交通施設,2314,トンネル内の鉄道モノレール,E2,,,中心線を取得,57
標準図式,交通施設,2315,トンネル内の鉄道特殊鉄道,E2,,,レールを取得する,57
標準図式,交通施設,2401,鉄道橋（高架部）,E2,,,橋縁線を取得橋脚縁線を取得22,57
標準図式,交通施設,2411,跨線橋,E1,,,外周を取得（始終点座標一致）,57
標準図式,交通施設,2412,地下通路,E1,,,地下経路縁線を取得（始終点座標一致）,57
標準図式,交通施設,2419,鉄道のトンネル,E1/E2/E6,○,図式,真形坑口部分の外周を取得（始終点座標一致）真形坑口部分の外周を取得極小中央位置の点と方向を取得真形坑口部分の外周を取得（始終点座標一致）真形坑口部分の外周を取得極小中央位置の点と方向を取得,58
標準図式,交通施設,2421,停留所,E1/E5,○,図式,真形外周を取得（始終点座標一致）位置の点情報を取得真形外周を取得（始終点座標一致）位置の点情報を取得,58
標準図式,交通施設,2424,プラットホーム,E1,,,外周を取得（始終点座標一致）,59
標準図式,交通施設,2425,プラットホーム上屋,E1,,,外周を取得（始終点座標一致）,59
標準図式,交通施設,2426,モノレール橋脚,E1,,,外周を取得（始終点座標一致）,59
標準図式,交通施設,2428,鉄道の雪覆い等,E1,,,外周を取得（始終点座標一致）外周を取得（始終点座標一致）,59
標準図式,建物等,3001,普通建物,E1/E2,,,外形外周を取得（始終点座標一致）中庭線外周を取得（始終点座標一致）棟割線階層線外付階段（縁部）外付階段（階段線）ポーチ・ひさし外形外周を取得（始終点座標一致）中庭線外周を取得（始終点座標一致）棟割線階層線,60
標準図式,建物等,3002,堅ろう建物,E1/E2,,,外形外周を取得（始終点座標一致）中庭線外周を取得（始終点座標一致）棟割線階層線外付階段（縁部）外付階段（階段線）ポーチ・ひさし外形外周を取得（始終点座標一致）中庭線外周を取得（始終点座標一致）棟割線階層線,61
標準図式,建物等,3003,普通無壁舎,E1/E2,,,外形外周を取得（始終点座標一致）中庭線外周を取得（始終点座標一致）棟割線階層線外付階段（縁部）外付階段（階段線）ポーチ・ひさし外形外周を取得（始終点座標一致）中庭線外周を取得（始終点座標一致）棟割線階層線,62
標準図式,建物等,3004,堅ろう無壁舎,E1/E2,,,外形外周を取得（始終点座標一致）中庭線外周を取得（始終点座標一致）棟割線階層線外付階段（縁部）外付階段（階段線）ポーチ・ひさし外形外周を取得（始終点座標一致）中庭線外周を取得（始終点座標一致）棟割線階層線,63
標準図式,建物等,3401,門,E1/E6,○,図式,門柱の外周を取得（始終点座標一致）極小門柱の外周を取得（始終点座標一致）極小,64
標準図式,建物等,3402,屋門,E2,,,建物の中の道路縁線を取得,64
標準図式,建物等,3403,たたき,E1,,,外周を取得（始終点座標一致）内部りん形点は自動発生して表示する,64
標準図式,建物等,3404,プール,E1/E7,,,水部との境を取得（始終点座標一致）説明注記図郭に対して平行垂直入力,64
標準図式,建物等,3503,官公署,E5,○,図式,記号の表示位置の点情報を取得記号の表示位置の点情報を取得,65
標準図式,建物等,3504,裁判所,E5,○,図式,記号の表示位置の点情報を取得記号の表示位置の点情報を取得,65
標準図式,建物等,3505,検察庁,E5,○,図式,記号の表示位置の点情報を取得記号の表示位置の点情報を取得記号の表示位置の点情報を取得,65
標準図式,建物等,3507,税務署,E5,○,図式,記号の表示位置の点情報を取得,66
標準図式,建物等,3508,税関,E5,○,図式,記号の表示位置の点情報を取得,66
標準図式,建物等,3509,郵便局,E5,○,図式,記号の表示位置の点情報を取得,66
標準図式,建物等,3510,森林管理署,E5,○,図式,記号の表示位置の点情報を取得,66
標準図式,建物等,3511,測候所,E5,○,図式,記号の表示位置の点情報を取得,67
標準図式,建物等,3512,地方整備局事務所,E5,○,図式,記号の表示位置の点情報を取得,67
標準図式,建物等,3513,出張所,E5,○,図式,記号の表示位置の点情報を取得,67
標準図式,建物等,3514,警察署,E5,○,図式,記号の表示位置の点情報を取得,67
標準図式,建物等,3515,交番,E5,○,図式,記号の表示位置の点情報を取得,67
標準図式,建物等,3516,消防署,E5,○,図式,記号の表示位置の点情報を取得記号の表示位置の点情報を取得,68
標準図式,建物等,3517,職業安定所（ハローワーク）,E5,○,図式,記号の表示位置の点情報を取得,68
標準図式,建物等,3518,土木事務所,E5,○,図式,記号の表示位置の点情報を取得,68
標準図式,建物等,3519,役場支所及び出張所,E5,○,図式,記号の表示位置の点情報を取得,68
標準図式,建物等,3521,神社,E5,○,図式,記号の表示位置の点情報を取得記号の表示位置の点情報を取得,69
標準図式,建物等,3522,寺院,E5,○,図式,記号の表示位置の点情報を取得,69
標準図式,建物等,3523,キリスト教会,E5,○,図式,記号の表示位置の点情報を取得記号の表示位置の点情報を取得,69
標準図式,建物等,3524,学校,E5,○,図式,記号の表示位置の点情報を取得,70
標準図式,建物等,3525,幼稚園・保育園,E5,○,図式,記号の表示位置の点情報を取得,70
標準図式,建物等,3526,公会堂・公民館,E5,○,図式,記号の表示位置の点情報を取得,70
標準図式,建物等,3527,博物館,E5,○,図式,記号の表示位置の点情報を取得,71
標準図式,建物等,3528,図書館,E5,○,図式,記号の表示位置の点情報を取得,71
標準図式,建物等,3529,美術館,E5,○,図式,記号の表示位置の点情報を取得,71
標準図式,建物等,3530,老人ホーム,E5,○,図式,記号の表示位置の点情報を取得,71
標準図式,建物等,3531,保健所,E5,○,図式,記号の表示位置の点情報を取得,71
標準図式,建物等,3532,病院,E5,○,図式,記号の表示位置の点情報を取得記号の表示位置の点情報を取得,72
標準図式,建物等,3534,銀行,E5,○,図式,記号の表示位置の点情報を取得,72
標準図式,建物等,3536,協同組合,E5,○,図式,記号の表示位置の点情報を取得,72
標準図式,建物等,3539,デパート,E5,○,図式,記号の表示位置の点情報を取得,73
標準図式,建物等,3545,倉庫,E5,○,図式,記号の表示位置の点情報を取得記号の表示位置の点情報を取得,73
標準図式,建物等,3546,火薬庫,E5,○,図式,記号の表示位置の点情報を取得記号の表示位置の点情報を取得,73
標準図式,建物等,3548,工場,E5,○,図式,記号の表示位置の点情報を取得,73
標準図式,建物等,3549,発電所,E5,○,図式,記号の表示位置の点情報を取得,74
標準図式,建物等,3550,変電所,E5,○,図式,記号の表示位置の点情報を取得,74
標準図式,建物等,3552,浄水場,E5,○,図式,記号の表示位置の点情報を取得,74
標準図式,建物等,3553,揚水機場,E5,○,図式,記号の表示位置の点情報を取得記号の表示位置の点情報を取得,74
標準図式,建物等,3556,揚・排水機場,E5,○,図式,記号の表示位置の点情報を取得記号の表示位置の点情報を取得記号の表示位置の点情報を取得,75
標準図式,建物等,3557,排水機場,E5,○,図式,記号の表示位置の点情報を取得記号の表示位置の点情報を取得,75
標準図式,建物等,3559,公衆便所,E5,○,図式,記号の表示位置の点情報を取得,75
標準図式,建物等,3560,ガソリンスタンド,E5,○,図式,記号の表示位置の点情報を取得,75
標準図式,小物体,4101,マンホール（未分類）,E1/E3/E5,○,図式,蓋の外周を取得（始終点座標一致）極小点位置情報を取得,76
標準図式,小物体,4111,マンホール（共同溝）,E1/E3/E5,○,図式,蓋の外周を取得（始終点座標一致）極小点位置情報を取得,76
標準図式,小物体,4119,有線柱,E5/E6,○,図式,柱の位置と架線の方向を取得架線が無い場合は点で取得,76
標準図式,小物体,4121,マンホール（ガス）,E1/E3/E5,○,図式,蓋の外周を取得（始終点座標一致）極小点位置情報を取得,76
標準図式,小物体,4131,マンホール（電話）,E1/E3/E5,○,図式,蓋の外周を取得（始終点座標一致）極小点位置情報を取得,76
標準図式,小物体,4132,電話柱,E5/E6,○,図式,柱の位置と架線の方向を取得架線が無い場合は点で取得,76
標準図式,小物体,4141,マンホール（電気）,E1/E3/E5,○,図式,蓋の外周を取得（始終点座標一致）極小点位置情報を取得,77
標準図式,小物体,4142,電力柱,E5/E6,○,図式,柱の位置と架線の方向を取得架線が無い場合は点で取得,77
標準図式,小物体,4151,マンホール（下水）,E1/E3/E5,○,図式,蓋の外周を取得（始終点座標一致）極小点位置情報を取得,77
標準図式,小物体,4161,マンホール（水道）,E1/E3/E5,○,図式,蓋の外周を取得（始終点座標一致）極小点位置情報を取得,77
標準図式,小物体,4201,墓碑,E1/E5,○,図式,台座があるものは、台座の外周を取得（始終点座標一致）記号の表示位置の点情報を取得,78
標準図式,小物体,4202,記念碑,E1/E5,○,図式,台座があるものは、台座の外周を取得（始終点座標一致）記号の表示位置の点情報を取得,78
標準図式,小物体,4203,立像,E1/E5,○,図式,台座があるものは、台座の外周を取得（始終点座標一致）記号の表示位置の点情報を取得,79
標準図式,小物体,4204,路傍祠,E1/E5,○,図式,台座があるものは、台座の外周を取得（始終点座標一致）記号の表示位置の点情報を取得,79
標準図式,小物体,4205,灯ろう,E1/E5,○,図式,台座があるものは、台座の外周を取得（始終点座標一致）記号の表示位置の点情報を取得,80
標準図式,小物体,4206,狛犬,E1/E6,○,図式,台座があるものは、台座の外周を取得（始終点座標一致）位置の点情報と向きを取得,80
標準図式,小物体,4207,鳥居,E2/E6,○,図式,脚は外周を取得横線は、射影の中心線を取得極小中央位置の点と方向を取得脚は外周を取得横線は、射影の中心線を取得極小中央位置の点と方向を取得,80
標準図式,小物体,4208,自然災害伝承碑,E1/E5,○,図式,台座があるものは、台座の外周を取得（始終点座標一致）記号の表示位置の点情報を取得,81
標準図式,小物体,4211,官民境界杭,E5,○,図式,位置の点情報を取得,81
標準図式,小物体,4215,消火栓,E5,○,図式,位置の点情報を取得,81
標準図式,小物体,4216,消火栓立型,E5,○,図式,位置の点情報を取得,81
標準図式,小物体,4217,地下換気孔,E1/E5,○,図式,真形外周を取得（始終点座標一致）記号の表示位置の点情報を取得,81
標準図式,小物体,4219,坑口,E1/E2/E6,○,図式,真形坑口部分の外周を取得（始終点座標一致）真形坑口部分の外周を取得極小中央位置の点と方向を取得真形坑口部分の外周を取得（始終点座標一致）真形坑口部分の外周を取得極小中央位置の点と方向を取得,82
標準図式,小物体,4221,独立樹（広葉樹）,E5,○,図式,記号の表示位置の点情報を取得,82
標準図式,小物体,4222,独立樹（針葉樹）,E5,○,図式,記号の表示位置の点情報を取得,82
標準図式,小物体,4223,噴水,E1/E5,○,図式,真形構造物の外周を取得（始終点座標一致）極小記号の表示位置の点情報を取得,83
標準図式,小物体,4224,井戸,E1/E5,○,図式,真形構造物の外周を取得（始終点座標一致）極小記号の表示位置の点情報を取得,83
標準図式,小物体,4225,油井・ガス井,E1/E5,○,図式,真形構造物の外周を取得（始終点座標一致）極小記号の表示位置の点情報を取得,83
標準図式,小物体,4226,貯水槽,E1/E5,○,図式,真形構造物の外周を取得（始終点座標一致）極小記号の表示位置の点情報を取得,83
標準図式,小物体,4227,肥料槽,E1/E5,○,図式,真形構造物の外周を取得（始終点座標一致）極小記号の表示位置の点情報を取得,83
標準図式,小物体,4228,起重機,E1/E5,○,図式,真形構造物の外周を取得（始終点座標一致）極小記号の表示位置の点情報を取得極小記号の表示位置の点情報を取得,84
標準図式,小物体,4231,タンク,E1/E3/E5,○,図式,真形構造物の外周を取得（始終点座標一致）極小記号の表示位置の点情報を取得真形構造物の外周を取得（始終点座標一致）極小記号の表示位置の点情報を取得,84
標準図式,小物体,4232,給水塔,E1/E5,○,図式,真形基部の外周を取得（始終点座標一致）記号表示位置を点情報で取得,84
標準図式,小物体,4233,火の見,E1/E5,○,図式,真形基部の外周を取得（始終点座標一致）記号表示位置を点情報で取得,85
標準図式,小物体,4234,煙突,E1/E5,○,図式,真形基部の外周を取得（始終点座標一致）記号表示位置を点情報で取得真形基部の外周を取得（始終点座標一致）記号表示位置を点情報で取得,85
標準図式,小物体,4235,高塔,E1/E3/E5,○,図式,真形基部の外周を取得（始終点座標一致）ティック部は自動発生して表示する記号,85
標準図式,小物体,4236,電波塔,E1/E5,○,図式,真形基部の外周を取得（始終点座標一致）記号表示位置を点情報で取得,86
標準図式,小物体,4237,照明灯,E5,○,図式,記号表示位置を点情報で取得,86
標準図式,小物体,4238,防犯灯,E5,○,図式,記号表示位置を点情報で取得,86
標準図式,小物体,4239,風車,E1/E5,○,図式,真形基部の外周を取得（始終点座標一致）記号表示位置を点情報で取得,86
標準図式,小物体,4241,灯台,E1/E5,○,図式,真形基部の外周を取得（始終点座標一致）記号表示位置を点情報で取得真形基部の外周を取得（始終点座標一致）記号表示位置を点情報で取得,87
標準図式,小物体,4242,航空灯台,E1/E5,○,図式,真形基部の外周を取得（始終点座標一致）記号表示位置を点情報で取得,87
標準図式,小物体,4243,灯標,E1/E5,○,図式,真形基部の外周を取得（始終点座標一致）記号表示位置を点情報で取得,87
標準図式,小物体,4245,ヘリポート,E3/E5,○,図式,真形標識線の外周を取得（始終点座標一致）極小中央位置を点情報で取得,87
標準図式,小物体,4251,水位観測所,E1/E5,○,図式,真形基部の外周を取得（始終点座標一致）極小中央位置を点情報で取得,88
標準図式,小物体,4252,流量観測所,E1/E5,○,図式,真形基部の外周を取得（始終点座標一致）極小中央位置を点情報で取得,88
標準図式,小物体,4253,雨量観測所,E1/E5,○,図式,真形基部の外周を取得（始終点座標一致）極小中央位置を点情報で取得,88
標準図式,小物体,4254,水質観測所,E1/E5,○,図式,真形基部の外周を取得（始終点座標一致）極小中央位置を点情報で取得,88
標準図式,小物体,4255,波浪観測所,E1/E5,○,図式,真形基部の外周を取得（始終点座標一致）極小中央位置を点情報で取得,88
標準図式,小物体,4256,風向・風速観測所,E1/E5,○,図式,真形基部の外周を取得（始終点座標一致）極小中央位置を点情報で取得,89
標準図式,小物体,4261,輸送管（地上）,E1,,,外周を取得（始終点座標一致）,89
標準図式,小物体,4262,輸送管（空間）,E1/E2,,,外周を取得（始終点座標一致）補助記号は自動発生して表示中心線を取得補助記号は自動発生して表示外周を取得（始終点座標一致）補助記号は自動発生して表示,89
標準図式,小物体,4265,送電線,E2,,,中心線を取得（鉄塔間で区切らず連続データとする）,90
標準図式,水部等,5101,河川水涯線（河川）（湖池等）（海岸線）,E2,,,界線を取得界線を取得,91
標準図式,水部等,5102,細流一条河川,E2,,,中心線を取得,91
標準図式,水部等,5103,かれ川,E2,,,範囲を示す縁線を取得,91
標準図式,水部等,5104,用水路,E2,,,界線を取得,92
標準図式,水部等,5105,湖池,E2/E5,○,図式,界線を取得図郭に対して平行垂直入力,92
標準図式,水部等,5106,海岸線,E2/E5,○,図式,界線を取得記号表示位置を取得,92
標準図式,水部等,5107,水路地下部,E2,,,地下水路縁線を取得,92
標準図式,水部等,5111,低位水涯線（干潟線）,E2,,,界線を取得,92
標準図式,水部等,5202,桟橋（鉄、コンクリート）,E2,,,海側を右に外周を取得補助記号は自動発生して表示,93
標準図式,水部等,5203,桟橋（木）桟橋（木製・浮桟橋）,E2,,,外周を取得,93
標準図式,水部等,5204,桟橋（浮き）,E2/E5,○,図式,外周を取得図郭に対して平行垂直入力,93
標準図式,水部等,5211,防波堤,E2,,,直ヒ低い方を右に取得射影部（上端線）低い方を右に取得補助記号は自動発生して表示射影部（下端線）高い方を右に取得,93
標準図式,水部等,5212,護岸被覆,E2,,,直ヒ低い方を右に取得射影部（上端線）低い方を右に取得補助記号や内部りん形点は自動発生して表示射影部（下端線）高い方を右に取得,94
標準図式,水部等,5213,護岸杭（消波ブロック）,E2/E7,,,外周を取得説明注記線状に入力,94
標準図式,水部等,5214,護岸捨石,E2/E7,,,外周を取得説明注記線状に入力,94
標準図式,水部等,5219,坑口トンネル,E1/E2/E6,○,図式,真形坑口部分の外周を取得（始終点座標一致）真形坑口部分の外周を取得極小中央位置の点と方向を取得,94
標準図式,水部等,5221,渡船発着所,E6,○,図式,表示位置の点と方向を取得,95
標準図式,水部等,5222,船揚場,E1/E7,,,真形外周を取得（始終点座標一致）説明注記線状に入力,95
標準図式,水部等,5226,滝,E6,○,図式,真形（上流部）低い方を右に取得真形（下流部）高い方を右に取得補助記号は自動発生して表示極小中央位置の点と方向を取得真形（上流部）真形（下流部）補助記号は自動発生して表示極小中央位置の点と方向を取得,96
標準図式,水部等,5227,せき,E2/E6,○,図式,真形（水通し上流部）中心線を取得真形（水通し下流部）中心線を取得真形（非越流部）外周を取得極小中央位置の点情報と方向を取得真形（上流部）中心線を取得真形（下流部）中心線を取得極小中央位置の点情報と方向を取得,97
標準図式,水部等,5228,水門,E2/E6,○,図式,両側の構造物外周を取得(始終点座標一致)仕切り部：幅がある場合：両側を取得幅がない場合：中心線を取得極小中央位置の点と方向を取得真形極小中央位置の点と方向を取得,98
標準図式,水部等,5231,不透過水制,E2,,,直ヒ低い方を右に取得射影部（上端線）低い方を右に取得補助記号は自動発生して表示射影部（下端線）高い方を右に取得,98
標準図式,水部等,5232,透過水制,E1,○,作図済み,真形外周を取得（始終点座標一致）補助記号は自動発生して表示真形外周を取得（始終点座標一致）補助記号は自動発生して表示,99
標準図式,水部等,5233,水制水面下,E1,,,真形外周を取得（始終点座標一致）,99
標準図式,水部等,5235,根固,E1/E7,,,真形外周を取得（始終点座標一致）説明注記線状に入力,99
標準図式,水部等,5236,床固陸部,E1/E7,,,真形外周を取得（始終点座標一致）説明注記線状に入力,99
標準図式,水部等,5237,床固水面下,E1/E7,,,真形外周を取得（始終点座標一致）説明注記線状に入力,99
標準図式,水部等,5238,蛇籠,E1/E7,,,真形外周を取得（始終点座標一致）説明注記線状に入力,100
標準図式,水部等,5239,敷石斜坂,E1,,,外周を取得（始終点座標一致）,100
標準図式,水部等,5241,流水方向,E6,○,図式,表示位置の点と方向を取得,100
標準図式,水部等,5255,距離標,E5,○,図式,記号表示位置の点情報を取得,100
標準図式,水部等,5256,量水標,E5,○,図式,記号表示位置の点情報を取得,100
標準図式,土地利用等,6101,人工斜面,E2,,,上端線低い方を右に取得補助記号は自動発生して表示下端線高い方を右に取得上端線低い方を右に取得補助記号は自動発生して表示する下端線高い方を右に取得,101
標準図式,土地利用等,6102,土堤,E2,,,上端線低い方を右に取得補助記号は自動発生して表示下端線高い方を右に取得,101
標準図式,土地利用等,6103,表法肩の法線,E2,,,法線を取得,101
標準図式,土地利用等,6110,被覆,E2,,,直ヒ低い方を右に取得射影部（上端線）低い方を右に取得補助記号や内部りん形点は自動発生して表示射影部（下端線）高い方を右に取得,102
標準図式,土地利用等,6111,コンクリート被覆,E2,,,直ヒ低い方を右に取得射影部（上端線）低い方を右に取得補助記号や内部りん形点は自動発生して表示射影部（下端線）高い方を右に取得,102
標準図式,土地利用等,6112,ブロック被覆,E2,,,直ヒ低い方を右に取得射影部（上端線）低い方を右に取得補助記号や内部りん形点は自動発生して表示射影部（下端線）高い方を右に取得,102
標準図式,土地利用等,6113,石積被覆,E2,,,直ヒ低い方を右に取得射影部（上端線）低い方を右に取得補助記号や内部りん形点は自動発生して表示射影部（下端線）高い方を右に取得,103
標準図式,土地利用等,6121,法面保護（網）,E1,,,真形外周を取得（始終点座標一致）補助記号や内部りん形点は自動発生して表示,103
標準図式,土地利用等,6122,法面保護（モルタル）,E1,,,真形外周を取得（始終点座標一致）補助記号や内部りん形点は自動発生して表示,103
標準図式,土地利用等,6123,法面保護（ｺﾝｸﾘｰﾄ桝）,E1,,,真形外周を取得（始終点座標一致）K38補助記号や内部りん形点は自動発生して表示,103
標準図式,土地利用等,6130,柵（未分類）垣,E2,,,中心を取得,104
標準図式,土地利用等,6131,落下防止柵,E2,,,中心を取得補助記号は自動発生して表示,104
標準図式,土地利用等,6132,防護柵,E2,,,ガードレール道路を左に見て中心を取得両端の被開部、補助記号は自動発生して表示ガードパイプ中心を取得,104
標準図式,土地利用等,6133,遮光柵,E2,,,中心を取得補助記号は自動発生して表示,104
標準図式,土地利用等,6134,鉄柵,E2,,,中心を取得補助記号は自動発生して表示,104
標準図式,土地利用等,6136,生垣,E2,,,中心を取得,105
標準図式,土地利用等,6137,土囲,E2,,,中心を取得補助記号は自動発生して表示,105
標準図式,土地利用等,6140,塀（未分類）塀,E2,,,内側を右にみて中心を取得補助記号は自動発生して表示内側を右にみて中心を取得補助記号は自動発生して表示,105
標準図式,土地利用等,6141,堅ろう塀,E2,,,内側を右にみて中心を取得補助記号は自動発生して表示中心を取得両側に敷地がある場合補助記号は自動発生して表示,105
標準図式,土地利用等,6142,簡易塀,E2,,,内側を右にみて中心を取得補助記号は自動発生して表示中心を取得両側に敷地がある場合補助記号は自動発生して表示,105
標準図式,土地利用等,6201,区域界,E2,,,界線を取得,106
標準図式,土地利用等,6211,空地,E5,○,図式,記号表示位置を点情報で取得,106
標準図式,土地利用等,6212,駐車場,E5,○,図式,記号表示位置を点情報で取得記号表示位置を点情報で取得,106
標準図式,土地利用等,6213,花壇,E5,○,図式,記号表示位置を点情報で取得,106
標準図式,土地利用等,6214,園庭,E5,○,図式,記号表示位置を点情報で取得,107
標準図式,土地利用等,6215,,E5,○,図式,記号代表点を取得作図データでは、区域線と墓碑で取得しても良い。,107
標準図式,土地利用等,6216,材料置場,E5,○,図式,記号表示位置を点情報で取得,107
標準図式,土地利用等,6217,太陽光発電設備,E5,○,図式,記号表示位置を点で取得する挿入位,107
標準図式,土地利用等,6221,噴火口・噴気口,E5,○,図式,記号表示位置を点情報で取得記号表示位置を点情報で取得,108
標準図式,土地利用等,6222,温泉・鉱泉,E5,○,図式,記号表示位置を点情報で取得,108
標準図式,土地利用等,6223,陵墓,E5,○,図式,記号表示位置を点情報で取得,109
標準図式,土地利用等,6224,古墳,E5,○,図式,記号表示位置を点情報で取得,109
標準図式,土地利用等,6225,城・城跡,E5,○,図式,記号表示位置を点情報で取得,109
標準図式,土地利用等,6226,史跡・名勝・天然記念物,E5,○,図式,記号表示位置を点情報で取得,109
標準図式,土地利用等,6231,採石場,E5,○,図式,記号表示位置を点情報で取得,109
標準図式,土地利用等,6232,土取場,E5,○,図式,記号表示位置を点情報で取得,109
標準図式,土地利用等,6233,採鉱地,E5,○,図式,記号表示位置を点情報で取得,109
標準図式,土地利用等,6301,植生界,E2,,,中心を取得,110
標準図式,土地利用等,6302,耕地界,E2,,,中心を取得,110
標準図式,土地利用等,6311,田,E5,○,図式,記号表示位置又は記号代表点を点情報で取得,110
標準図式,土地利用等,6312,はす田,E5,○,図式,記号表示位置又は記号代表点を点情報で取得,110
標準図式,土地利用等,6313,畑,E5,○,図式,記号表示位置又は記号代表点を点情報で取得記号表示位置又は記号代表点を点情報で取得,110
標準図式,土地利用等,6314,さとうきび畑,E5,○,図式,記号表示位置又は記号代表点を点情報で取得記号表示位置又は記号代表点を点情報で取得,111
標準図式,土地利用等,6315,パイナップル畑,E5,○,図式,記号表示位置又は記号代表点を点情報で取得記号表示位置又は記号代表点を点情報で取得,111
標準図式,土地利用等,6316,わさび畑,E5,○,図式,記号表示位置又は記号代表点を点情報で取得,111
標準図式,土地利用等,6317,桑畑,E5,○,図式,記号表示位置又は記号代表点を点情報で取得記号表示位置又は記号代表点を点情報で取得,111
標準図式,土地利用等,6318,茶畑,E5,○,図式,記号表示位置又は記号代表点を点情報で取得,111
標準図式,土地利用等,6319,果樹園,E5,○,図式,記号表示位置又は記号代表点を点情報で取得記号表示位置又は記号代表点を点情報で取得,112
標準図式,土地利用等,6321,その他の樹木畑,E5,○,図式,記号表示位置又は記号代表点を点情報で取得,112
標準図式,土地利用等,6322,牧草地,E5,○,図式,記号表示位置又は記号代表点を点情報で取得,112
標準図式,土地利用等,6323,芝地,E5,○,図式,記号表示位置又は記号代表点を点情報で取得記号表示位置又は記号代表点を点情報で取得,112
標準図式,土地利用等,6331,広葉樹林,E5,○,図式,記号表示位置又は記号代表点を点情報で取得,112
標準図式,土地利用等,6332,針葉樹林,E5,○,図式,記号表示位置又は記号代表点を点情報で取得記号表示位置又は記号代表点を点情報で取得,113
標準図式,土地利用等,6333,竹林,E5,○,図式,記号表示位置又は記号代表点を点情報で取得記号表示位置又は記号代表点を点情報で取得,113
標準図式,土地利用等,6334,荒地,E5,○,図式,記号表示位置又は記号代表点を点情報で取得,113
標準図式,土地利用等,6335,はい松地,E5,○,図式,記号表示位置又は記号代表点を点情報で取得記号表示位置又は記号代表点を点情報で取得,113
標準図式,土地利用等,6336,しの地（笹地）,E5,○,図式,記号表示位置又は記号代表点を点情報で取得記号表示位置又は記号代表点を点情報で取得,114
標準図式,土地利用等,6337,やし科樹林,E5,○,図式,記号表示位置又は記号代表点を点情報で取得記号表示位置又は記号代表点を点情報で取得,114
標準図式,土地利用等,6338,湿地,E5,○,図式,記号表示位置又は記号代表点を点情報で取得記号表示位置又は記号代表点を点情報で取得,114
標準図式,土地利用等,6340,砂れき地（未分類）砂れき地,E5,○,図式,記号表示位置又は記号代表点を点情報で取得,115
標準図式,土地利用等,6341,砂地,E5,○,図式,記号表示位置又は記号代表点を点情報で取得,115
標準図式,土地利用等,6342,れき地,E5,○,図式,記号表示位置又は記号代表点を点情報で取得,115
標準図式,土地利用等,6345,干潟,E5,○,図式,記号表示位置又は記号代表点を点情報で取得,115
標準図式,地形等,7101,等高線（計曲線）,E2/E7,,,等値線を取得標高値は属性数値（単位：mm）等値線を取得標高値は属性数値（単位：mm）,116
標準図式,地形等,7102,等高線（主曲線）,E2/E7,,,等値線を取得標高値は属性数値（単位：mm）等値線を取得標高値は属性数値（単位：mm）,116
標準図式,地形等,7103,等高線（補助曲線）,E2/E7,,,等値線を取得標高値は属性数値（単位：mm）等値線を取得標高値は属性数値（単位：mm）,116
標準図式,地形等,7104,等高線（特殊補助曲線）,E2/E7,,,等値線を取得標高値は属性数値（単位：mm）,117
標準図式,地形等,7105,凹地（計曲線）,E2/E7,,,高い方を左にみるように等値線を取得標高値は属性数値（単位：mm）高い方を左にみるように等値線を取得標高値は属性数値（単位：mm）,117
標準図式,地形等,7106,凹地（主曲線）,E2/E7,,,高い方を左にみるように等値線を取得標高値は属性数値（単位：mm）高い方を左にみるように等値線を取得標高値は属性数値（単位：mm）,117
標準図式,地形等,7107,凹地（補助曲線）,E2/E7,,,高い方を左にみるように等値線を取得標高値は属性数値（単位：mm）高い方を左にみるように等値線を取得標高値は属性数値（単位：mm）,118
標準図式,地形等,7108,凹地（特殊補助曲線）,E2/E7,,,高い方を左にみるように等値線を取得標高値は属性数値（単位：mm）,118
標準図式,地形等,7199,凹地（矢印）,E2,,,終点側に矢を自動発生して表示する,118
標準図式,地形等,7201,土がけ（崩土）,E2/E5,○,図式,上端線低い方を右に取得補助記号は自動発生して表示下端線高い方を右に取得図郭に対して平行垂直入力上端線低い方を右に取得補助記号は自動発生して表示する下端線高い方を右に取得図郭に対して平行垂直入力,119
標準図式,地形等,7202,雨裂,E2,○,作図済み,上端線補助記号は自動発生して表示下端線輪郭形状（三角形、円）は自動発生して表示,119
標準図式,地形等,7203,急斜面,E2,,,上端線低い方を右に取得下端線高い方を右に取得補助記号は自動発生して表示,119
標準図式,地形等,7206,洞口,E6,○,図式,記号表示位置の点と向きを示す方向を取得記号表示位置の点と向きを示す方向を取得,120
標準図式,地形等,7211,岩がけ,E2/E5,○,図式,上端線低い方を右に取得補助記号は自動発生して表示下端線高い方を右に取得図郭に対して平行垂直入力上端線低い方を右に取得補助記号は自動発生して表示する下端線高い方を右に取得図郭に対して平行垂直入力,120
標準図式,地形等,7212,露岩,E2,○,作図済み,高度の高い方を右にみる形で界線を取得高度の高い方を右にみる形で界線を取得,120
標準図式,地形等,7213,散岩,E2/E5/E6,○,図式,高度の高い方を右にみる形で界線を取得極小記号表示位置の点を取得高度の高い方を右にみる形で界線を取得極小記号表示位置の点を取得,121
標準図式,地形等,7214,さんご礁,E2,,,高度の高い方を右にみる形で界線を取得高度の高い方を右にみる形で界線を取得,121
標準図式,地形等,7301,三角点,E5/E7,○,図式,基準点記号又は指示点表示位置を取得標高値は属性数値（単位：mm)基準点記号又は指示点表示位置を取得標高値は属性数値（単位：mm),122
標準図式,地形等,7302,水準点,E5/E7,○,図式,基準点記号又は指示点表示位置を取得標高値は属性数値（単位：mm)基準点記号又は指示点表示位置を取得標高値は属性数値（単位：mm),122
標準図式,地形等,7303,多角点等,E5/E7,○,図式,基準点記号又は指示点表示位置を取得標高値は属性数値（単位：mm)基準点記号又は指示点表示位置を取得標高値は属性数値（単位：mm),122
標準図式,地形等,7304,公共基準点（三角点）,E5/E7,○,図式,基準点記号又は指示点表示位置を取得標高値は属性数値（単位：mm)基準点記号又は指示点表示位置を取得標高値は属性数値（単位：mm),123
標準図式,地形等,7305,公共基準点（水準点）,E5/E7,○,図式,基準点記号又は指示点表示位置を取得標高値は属性数値（単位：mm)基準点記号又は指示点表示位置を取得標高値は属性数値（単位：mm),123
標準図式,地形等,7306,公共基準点（多角点等）,E5/E7,○,図式,基準点記号又は指示点表示位置を取得標高値は属性数値（単位：mm),123
標準図式,地形等,7307,その他の基準点,E5/E7,○,図式,基準点記号又は指示点表示位置を取得標高値は属性数値（単位：mm),123
標準図式,地形等,7308,電子基準点,E5/E7,○,図式,基準点記号又は指示点表示位置を取得標高数値は、電子基準点付属標の標高（単位：mm)基準点記号又は指示点表示位置を取得標高値は電子基準点付属標の標高（単位はmm）,124
標準図式,地形等,7309,公共電子基準点,E5/E7,○,図式,基準点記号又は指示点表示位置を取得標高数値は、電子基準点付属標の標高（単位：mm),124
標準図式,地形等,7311,標石を有しない標高点,E5/E7,○,図式,基準点記号又は指示点表示位置を取得標高値は属性数値（単位：mm)基準点記号又は指示点表示位置を取得標高値は属性数値（単位：mm),124
標準図式,地形等,7312,図化機測定による標高点,E5/E7,○,図式,基準点記号又は指示点表示位置を取得標高値は属性数値（単位：mm),125
標準図式,地形等,7501,グリッドデータ,,,,グリッド間隔は、地図情報レベル相当の図面上で、2㎝を標準とする。,125
標準図式,地形等,7511,ランダムポイント,E5,○,図式,標高値は属性数値（単位：mm),125
標準図式,地形等,7521,ブレークライン,E2,,,変形地、人工物等による地形の不連続部等の主な場所について、線状に標高測定を行う。,125
標準図式,地形等,7531,不整三角網（TIN）,,,,地表面の三角形（TIN）三点を取得表層面の三角形（TIN）三点を取得水表面の三角形（TIN）三点を取得,125
標準図式,地形等,8199,指示点,E5,○,図式,,125
応用測量,線形図,2501,ＩＰ（ＩＰ杭）,E5,○,図式,記号表示位置の点を取得,130
応用測量,線形図,2502,ＩＰ方向線,E2,,,ＩＰ点間の方向線を取得,130
応用測量,線形図,2503,主要点（役杭）,E5/E8,○,図式,記号表示位置の点を取得中心点の要素を取得（属性区分81、属性データの書式A55),130
応用測量,線形図,2504,中心点（中心杭）,E5/E8,○,図式,記号表示位置の点を取得中心点の要素を取得（属性区分81、属性データの書式A55),130
応用測量,線形図,2505,中心線,E2/E4/E8,,,直線区間を始点から終点方向に取得円弧区間を始点から終点方向に取得クロソイド区間を始点から終点方向に取得その他の緩和区間を始点から終点方向に取得中心線の要素を取得（属性区分82、属性データの書式A84）,130
応用測量,線形図,2506,その他の路線結線,E2,,,中心線以外の線を取得,131
応用測量,線形図,2507,役杭引出線,E2,,,中心線の進行方向に対して役杭より直角に取得,131
応用測量,線形図,2511,多角点（記号）,E5,○,図式,記号表示位置の点を取得,131
応用測量,線形図,2512,引照（線）,E2,,,多角点と中心線杭間を取得,131
応用測量,用地,6501,中心杭,E5,○,図式,記号表示位置の点を取得,132
応用測量,用地,6502,用地杭,E5,○,図式,記号表示位置の点を取得,132
応用測量,用地,6511,起業地の境界,E2,,,用地境界線を取得,132
応用測量,用地,6512,用地取得予定線,E2,,,用地境界線を取得,132
応用測量,用地,6513,大字の境界,E2,,,大字の境界線を取得,132
応用測量,用地,6514,字の境界,E2,,,字の境界線を取得,132
応用測量,用地,6515,土地の境界,E2,,,土地の境界線を取得,132
応用測量,用地,6516,一筆地内の異なる地目の境界,E2,,,地番内で地目が異なる境界を取得,132
応用測量,用地,6517,一筆地内の異なる権利の境界,E2,,,地番内で権利の異なる境界を取得,132
応用測量,用地,6518,一筆地内の異なる占有者の境界,E2,,,地番内で占有者の境界を取得,132
応用測量,用地,6519,同一所有者記号,E4,,,隣り合った土地の所有者が同じ場合に共有する線上に円弧を取得,133
応用測量,用地,6521,境界標,E5,○,図式,記号表示位置の点を取得記号表示位置の点を取得記号表示位置の点を取得記号表示位置の点を取得記号表示位置の点を取得記号表示位置の点を取得,133
応用測量,用地,6522,公共施設の境界線（道路区域界）,E2,,,道路の区域線を取得,133
応用測量,用地,6523,公共施設の境界線（河川区域界）,E2,,,河川の区域線を取得,133
応用測量,用地,6541,拡大参照枠,E1/E2/E3,,,拡大して詳細を表示する外周を取得（始終点座標一致）,134
応用測量,用地,6542,引き出し線,E2,,,引き出し線を取得,134
応用測量,用地,6551,配電線路,E6,○,図式,電柱の中心位置と架線の方向を取得,134
応用測量,用地,6552,送電線路,E1/E2,,,外枠は支持物の敷地を取得し、内枠は支持物の基礎を取得（始終点座標一致）,134
応用測量,用地,6553,通信線路,E6,○,図式,電柱の中心位置と架線の方向を取得,134
応用測量,用地,6554,鉄道・軌道,E6,○,図式,電柱の中心位置と架線の方向を取得,134
応用測量,用地,6555,その他の路線,E6,○,図式,電柱の中心位置と架線の方向を取得,134
測量記録,基準点網図,7601,与点記号,E5,○,図式,記号表示位置の点を取得,139
測量記録,基準点網図,7602,新点記号,E5,○,図式,記号表示位置の点を取得,139
測量記録,基準点網図,7603,節点記号,E5,○,図式,記号表示位置の点を取得,139
測量記録,基準点網図,7604,偏心点・方位点,E5,○,図式,記号表示位置の点を取得,139
測量記録,基準点網図,7605,点間結線,E2,,,点間の線を取得,139
測量記録,基準点網図,7606,与点後視方向線,E2,,,与点での方向線を与点から方向点方向に取得,139
測量記録,基準点網図,7607,観測方向（矢印）,E6,○,図式,観測図で観測の方向を点間結線上に点の位置と方向を取得,139
測量記録,基準点網図,7608,観測方向（線）,E2/E4,,,観測方向を始点から終点に向かって取得内角の場合は時計周りに取得,139
測量記録,基準点網図,7609,セッション,E1/E2,,,セッションを取得（始終点座標一致）,139
測量記録,基準点網図,7611,与点記号（電子基準点）,E5,○,図式,記号表示位置の点を取得,139
測量記録,基準点網図,7615,点間結線（偏心与点間）,E2,,,点間の線を取得,139
測量記録,水準路線図,7701,与点記号,E5,○,図式,記号表示位置の点を取得,140
測量記録,水準路線図,7702,新点記号,E5,○,図式,記号表示位置の点を取得,140
測量記録,水準路線図,7703,固定点記号,E5,○,図式,記号表示位置の点を取得,140
測量記録,水準路線図,7704,水準路線,E2,,,水準路線を取得,140
測量記録,水準路線図,7705,観測路線方向線,E2,,,観測路線の方向を始点から終点方向に取得,140
測量記録,数値写真資料,7801,標定点,E5,○,図式,記号表示位置の点を取得,141
測量記録,数値写真資料,7802,対空標識,E5,○,図式,記号表示位置の点を取得,141
測量記録,数値写真資料,7804,主点,E5,○,図式,記号表示位置の点を取得,141
測量記録,数値写真資料,7805,タイポイント,E5,○,図式,記号表示位置の点を取得,141
測量記録,数値写真資料,7806,連結,E2,,,標定点から撮影コースへの連結を取得,141
測量記録,数値写真資料,7811,撮影コース,E2/E8,,,撮影コースを取得撮影コースの要素を取得（属性区分71、属性データの書式A52）,141
測量記録,数値写真資料,7812,撮影主点,E5,○,図式,記号表示位置の点を取得,141
測量記録,数値写真資料,7813,写真枠,E1,,,写真の枠を取得（始終点座標一致）,141
測量記録,数値写真資料,7814,撮影区域,E2,,,撮影区域を取得,141
応用測量,整飾,7901,図枠（外枠）,E1/E2,,,図枠外側の線を取得（始終点座標一致）,135
応用測量,整飾,7902,図枠（内枠）,E1/E2,,,図枠内側の線を取得（始終点座標一致）,135
応用測量,整飾,7903,タイトル（外枠）,E1/E2,,,タイトルの外枠線を取得（始終点座標一致）,135
応用測量,整飾,7904,タイトル（罫線）,E2,,,タイトル内の罫線を取得,135
応用測量,整飾,7905,凡例（外枠）,E1/E2,,,凡例の外枠線を取得（始終点座標一致）,135
応用測量,整飾,7906,凡例（罫線）,E2,,,凡例内の罫線を取得,135
応用測量,整飾,7907,作表（外枠）,E1/E2,,,作表の外枠線を取得（始終点座標一致）,135
応用測量,整飾,7908,作表（罫線）,E2,,,作表内の罫線を取得,135
応用測量,整飾,7911,方眼線,E2,,,座標の方眼線を取得,135
応用測量,整飾,7912,方眼点,E2,,,記号表示位置の点と方向を取得,135
応用測量,整飾,7913,方位,E2/E3,,,方位の図柄線を取得,136
応用測量,整飾,7914,方眼紙（5cm),E2,,,方眼紙の５ｃｍ間隔の線を取得,136
応用測量,整飾,7915,方眼紙（1cm）,E2,,,方眼紙の１ｃｍ間隔の線を取得,136
応用測量,整飾,7916,方眼紙（1mm）,E2,,,方眼紙の１ｍｍ間隔の線を取得,136
